id,name,model_id:id,group_id:id,perm_read,perm_write,perm_create,perm_unlink
access_quan_ly_phong_hop,quan_ly_phong_hop.quan_ly_phong_hop,model_quan_ly_phong_hop,base.group_user,1,1,1,1
access_dat_phong,dat_phong.dat_phong,model_dat_phong,base.group_user,1,1,1,1
access_lich_su_thay_doi,lich_su_thay_doi.lich_su_thay_doi,model_lich_su_thay_doi,base.group_user,1,1,1,1
access_lich_su_muon_tra,lich_su_muon_tra.lich_su_muon_tra,model_lich_su_muon_tra,base.group_user,1,1,1,1
access_thiet_bi,thiet_bi.thiet_bi,model_thiet_bi,base.group_user,1,1,1,1

